Round Number,Winner,Depth,Stake,Stake Density,Hash,Reward,MajorityReveal,ReserveCommitments
180291,0x806697c71c54b849bfcd3e66624509a7d1e56fdf55a615dd433d1ea75d11894d,8,100000000000000000,25600000000000000000,0x3a1f57fef6b7b697e21265a2a7da2ea046bd452b40fd0d06b4a5c269b576f600,116847081947136000,0x3a1f57fef6b7b697e21265a2a7da2ea046bd452b40fd0d06b4a5c269b576f600,[object Object]
180307,0x633b294c1dbda8cbbcd5139d41a4f9d9067e510c27041bb429396f81faf1653c,8,100000000000000000,25600000000000000000,0x6ac1d046bca73432e0e1d66203ff48831d8dfe6ac3884369ef9e6f5a3ee1cb70,64038887227392000,0x3a1f57fef6b7b697e21265a2a7da2ea046bd452b40fd0d06b4a5c269b576f600,[object Object]
180338,0x9f7aef35fcb2954a986d5007abcd3233e1065fe3fecb0c7450b7253981cf6c75,7,100000000000000000,12800000000000000000,0x2fba5ef611bcf4f4ffc9a4bcbffaad91eaa7f8215cf296841700b31789ab65e4,64880665165824000,0xead244cfcf260b3484d8adf523784424689a22452bf74861db9f4cf1816eef42,[object Object]
180342,0x3255a8d66c4219693e5a8516d6b6ea037615d3366e6bae47f7477a2234b15847,8,100000000000000000,25600000000000000000,0xda9fc670034147948d65baa1e4770c6ccd961c33d4ed7a11d952820305151ae4,64031620595712000,0xead244cfcf260b3484d8adf523784424689a22452bf74861db9f4cf1816eef42,[object Object]
180346,0x58e5ee964f0b677d64350e1adfa184122f0cbfb1455d471e217dac86edd5ac4f,8,100000000000000000,25600000000000000000,0x4263fa9dc2c1e81c6988da9679a5f956530075f90fbb47c0d7e9e947ecef66ca,64878903558144000,0xead244cfcf260b3484d8adf523784424689a22452bf74861db9f4cf1816eef42,[object Object]
180347,0x673f55ce3ce4f0c761cb16f975421c736cd474cab0a38a0e0cdf48b3012c74e8,8,100000000000000000,25600000000000000000,0xd2a0e45661a0f50a9ff40647c3d948dbdb52457e1e0064563ad6a0084042b150,62799451521024000,0xead244cfcf260b3484d8adf523784424689a22452bf74861db9f4cf1816eef42,[object Object]
180348,0x673f55ce3ce4f0c761cb16f975421c736cd474cab0a38a0e0cdf48b3012c74e8,8,200000000000000000,51200000000000000000,0x7dc48363752e5d037cbf6cbc6cda6ea607bf42e38ef8061b882e04337319a219,62384290922496000,0xead244cfcf260b3484d8adf523784424689a22452bf74861db9f4cf1816eef42,[object Object]
180351,0xf1d676a9a5832696b4800de1cde48c21cefa6146e37856798f4420a2a3801532,8,100000000000000000,25600000000000000000,0x9564437f6a2141e9e2ce3d3357e4a619899eb2546d8ddb23659ebe392f69a639,64082254233600000,0x9564437f6a2141e9e2ce3d3357e4a619899eb2546d8ddb23659ebe392f69a639,[object Object]
180357,0x45a20a8b221522d80ebc52086578f1071739a36c3e586672c7c90ca5d228d8e8,8,100000000000000000,25600000000000000000,0x693a5257017a484f73458555961f441d8d56a9198456c2352e5d364c9f0e7bad,61158086148096000,0x9564437f6a2141e9e2ce3d3357e4a619899eb2546d8ddb23659ebe392f69a639,[object Object]
180358,0xf9bc006d0402990c52afa0928c8cd8ff2610349f42dfe9e0cc57388855303b57,8,100000000000000000,25600000000000000000,0x1690b8dddb7c68a1a27b91f64634e94aaa07c812ce37eeb7915928bde10d24fb,63658688249856000,0x9564437f6a2141e9e2ce3d3357e4a619899eb2546d8ddb23659ebe392f69a639,[object Object]
180359,0x5b6d144f0fb569acbd31ad1ca17333a0fded3815e48a2f94e9d76d0c8bd05368,8,100000000000000000,25600000000000000000,0xde7532fa221218053bce84c094ffaa403075e14f9783bfb93e986cd2259f722f,63248963469312000,0x9564437f6a2141e9e2ce3d3357e4a619899eb2546d8ddb23659ebe392f69a639,[object Object]
180361,0x7969942589b385a4e9a8aef4722c212233a04538ccac2ef459b60fa28ef0690b,0,27200000000000000000,27200000000000000000,0x263ba02bd7d12c24b91ede8abc154e534dfa6fff2b3402e7c60ba0d627247a8e,63253593980928000,0x9564437f6a2141e9e2ce3d3357e4a619899eb2546d8ddb23659ebe392f69a639,[object Object]
180362,0x84d13ef52fc2802a7bfe2356f09717e2e4f8b849261d2657d38b5364671409b4,8,100000000000000000,25600000000000000000,0x149cac1a3f7d9ce5f34f64b569e0deac7ea3a337fd0031f53287a086ec470a73,126921920741376000,0x9564437f6a2141e9e2ce3d3357e4a619899eb2546d8ddb23659ebe392f69a639,[object Object]
180363,0x5f436ced7c09a5b11ed5485e0d4e704f871e32b98564f3b0c36314032476ce08,8,100000000000000000,25600000000000000000,0xfa048c4df98e76ede68bfd04fa7a55b0c9cef09ff650dc142e6a027d2e1272f5,62416956162048000,0x9564437f6a2141e9e2ce3d3357e4a619899eb2546d8ddb23659ebe392f69a639,[object Object]
180366,0x2bed7c48ae2de996c79fc10ddf2382a98f8392912970344701a621c1ada23ab2,8,100000000000000000,25600000000000000000,0x9a7421f8b69c73ab2419de0b5b01c1fd1a7c693e3c03154fdf62e2eb42c585c8,62001418076160000,0x9564437f6a2141e9e2ce3d3357e4a619899eb2546d8ddb23659ebe392f69a639,[object Object]
180367,0xffbbc3f309d3bfbe39a9c5ad65e2e3b0095b6f2c487424698059ffbf1b465c79,8,100000000000000000,25600000000000000000,0x2bf2fbc9f1747eb787b7ef48531d843c38f5667e8ab4da9499fa204d3d198bf8,64919068213248000,0x9564437f6a2141e9e2ce3d3357e4a619899eb2546d8ddb23659ebe392f69a639,[object Object]
180368,0x7969942589b385a4e9a8aef4722c212233a04538ccac2ef459b60fa28ef0690b,0,25600000000000000000,25600000000000000000,0x263ba02bd7d12c24b91ede8abc154e534dfa6fff2b3402e7c60ba0d627247a8e,62008917491712000,0x9564437f6a2141e9e2ce3d3357e4a619899eb2546d8ddb23659ebe392f69a639,[object Object]
180369,0xe5c68c04deb5b290f124ed4b8616ad27bfa38e05223acb5d740ee4749fb535fb,8,100000000000000000,25600000000000000000,0x6be842b1069988c7f0f7d1e153aca9ba76ba03c1a1bcf1296464958e110aa019,125682503909376000,0x9564437f6a2141e9e2ce3d3357e4a619899eb2546d8ddb23659ebe392f69a639,[object Object]
180370,0xe140282dfced3bedc40bdffb899f0e146a285cb758139a020bf79b9d91d55c49,8,100000000000000000,25600000000000000000,0x6ef72c9188ef3732e583aab5d20cd1f91beb261feea79f9d31796c01730a152e,65338255343616000,0x9564437f6a2141e9e2ce3d3357e4a619899eb2546d8ddb23659ebe392f69a639,[object Object]
180372,0x77e187b007e89121e191302514df5af16ab8bf7aa4e313b3214727e277eb86dd,8,100000000000000000,25600000000000000000,0x508aa1aea2f89f7f3e80d0172f2e1862c5b930d99a232d3ad6bf2fa7974bfe87,64917633761280000,0x9564437f6a2141e9e2ce3d3357e4a619899eb2546d8ddb23659ebe392f69a639,[object Object]
180374,0x11beb2bd8145dd6995bf1d0d5dd32399fcf6d0905dc06e5b02244ffdbe56046d,8,100000000000000000,25600000000000000000,0x33994cdc8c45e00c42ded62929438bb4da602f29b1d41d9aae5b8d21531d7214,125678905196544000,0x9564437f6a2141e9e2ce3d3357e4a619899eb2546d8ddb23659ebe392f69a639,[object Object]
180375,0x986ce57908595232deb9b255e4991cb81b630d051021a30414dfa79caf5e0f5c,8,100000000000000000,25600000000000000000,0xc213504b8c79d597e4da5132f7116a3cd633b56ac95266ad0d333425e294dac0,64090391183360000,0x9564437f6a2141e9e2ce3d3357e4a619899eb2546d8ddb23659ebe392f69a639,[object Object]
180381,0x92bfdf1351ecb27d85436f44c68aab892fda4d7998ad92296261efcef765b193,8,100000000000000000,25600000000000000000,0x32a69f25a1ef4cef2930d48e06633a8f2ec172482a6b641191c339978e80b0c1,316210197561344000,0x9564437f6a2141e9e2ce3d3357e4a619899eb2546d8ddb23659ebe392f69a639,[object Object]
180382,0x4173c9b2bdc7b34dae54aa9208904f87089d627d41d37013e89956c8589f1abd,8,100000000000000000,25600000000000000000,0xc8be0cc0e5bffa845caf66f4f78b55e1d874d48cddc94704a5b3c2e7ac669838,64911140978688000,0x9564437f6a2141e9e2ce3d3357e4a619899eb2546d8ddb23659ebe392f69a639,[object Object]
180384,0x16816e0a6b18fad067897109a7942cc7bd7af7a0a8774ec08235cfc4b81e5094,8,100000000000000000,25600000000000000000,0xb3710dd00714d230873f0e1582a550eca015ffb16ddd3a028c7cac988ba45528,126908289253376000,0xaa31652c53e8fa45e26446ea2a65a793cfab5befcd1fc2d68523b9c0fc6381b4,[object Object]
180386,0x77e187b007e89121e191302514df5af16ab8bf7aa4e313b3214727e277eb86dd,8,200000000000000000,51200000000000000000,0x7ceda719e550d4ff22e3b583250f35002e928b53243bde497a55090d67897886,62829021364224000,0xaa31652c53e8fa45e26446ea2a65a793cfab5befcd1fc2d68523b9c0fc6381b4,[object Object]
180387,0x45f745bed7f893de8900b230932f1c338b1459de7c4af86362cc27cf3323d335,8,100000000000000000,25600000000000000000,0xc86a2d941b050c9ff8cb1482e5ddac0438003f87d1c5d75ac005416b8bf29d31,62828341886976000,0xaa31652c53e8fa45e26446ea2a65a793cfab5befcd1fc2d68523b9c0fc6381b4,[object Object]
180392,0x225f4934a031db46537102de73c69ef6e68a5f52dd3abf17f562dd22250577ba,8,100000000000000000,25600000000000000000,0x4befd680a166f904ab18b2773b9503f177084e225153c0d91658413a1079199c,126074713276416000,0xaa31652c53e8fa45e26446ea2a65a793cfab5befcd1fc2d68523b9c0fc6381b4,[object Object]
180395,0x4afcf6d1ebce387ee40b8144d2fc14b7bd812a85022c7dc055d796c56f2beb64,8,100000000000000000,25600000000000000000,0x58ead40813d43c87cd6cf8bed61c702f36805873b52791dc5e859c5e5940f209,63246270726144000,0xaa31652c53e8fa45e26446ea2a65a793cfab5befcd1fc2d68523b9c0fc6381b4,[object Object]
180396,0x4ca036a76e8e1eaf5c3549f4b268162a1198d0ca262310ae6f6b41da3f2e9076,8,100000000000000000,25600000000000000000,0xfea4bbd95e7f86ed243df35fe9527fd1a239a87ffcd0ac9beb4f1615f057a4f1,63242118365184000,0xaa31652c53e8fa45e26446ea2a65a793cfab5befcd1fc2d68523b9c0fc6381b4,[object Object]
180399,0xee8c1a594908f21fcc932fabc1fd4bfe76de9cb6c46beefa7393ca60c26415b9,8,100000000000000000,25600000000000000000,0xec0e9b80e9e448d5ed549f3b5d903acfa60d5a704ad94271e19b7dff75cc7200,64906384637952000,0xaa31652c53e8fa45e26446ea2a65a793cfab5befcd1fc2d68523b9c0fc6381b4,[object Object]
180400,0x7969942589b385a4e9a8aef4722c212233a04538ccac2ef459b60fa28ef0690b,0,25600000000000000000,25600000000000000000,0x263ba02bd7d12c24b91ede8abc154e534dfa6fff2b3402e7c60ba0d627247a8e,63242898505728000,0xaa31652c53e8fa45e26446ea2a65a793cfab5befcd1fc2d68523b9c0fc6381b4,[object Object]
180403,0x8219c64cc18313ac37260b5dd9cb99b2e54052a32b8c17c8f57dc31f4ee994ce,8,100000000000000000,25600000000000000000,0xc8a6280bf6121bae62d8d6c2dd41ae85fd9c738cc79712eea653860fbb73819e,252565744779264000,0xaa31652c53e8fa45e26446ea2a65a793cfab5befcd1fc2d68523b9c0fc6381b4,[object Object]
180404,0xe415f89e421c5a50dea7c10dd650ba4118d59646ddba900d4aa1d37fd8e7d57c,8,100000000000000000,25600000000000000000,0xb1f510440c988d8ba96b106d3b1b96435d854cc8006ccba10985ac25d367af6f,62841251954688000,0xb1f510440c988d8ba96b106d3b1b96435d854cc8006ccba10985ac25d367af6f,[object Object]
180407,0x7969942589b385a4e9a8aef4722c212233a04538ccac2ef459b60fa28ef0690b,0,25600000000000000000,25600000000000000000,0x263ba02bd7d12c24b91ede8abc154e534dfa6fff2b3402e7c60ba0d627247a8e,126096959864832000,0xb1f510440c988d8ba96b106d3b1b96435d854cc8006ccba10985ac25d367af6f,[object Object]
180408,0x9717c91c803ba8d630b7d0aaa156eafbdc3347fdbb4d080c333bcc3d0c939661,8,100000000000000000,25600000000000000000,0xc2e42467046584b076e35c98350ecb3025ab5441fe8da92526e4f72e0ab33c7c,190182611484672000,0xb1f510440c988d8ba96b106d3b1b96435d854cc8006ccba10985ac25d367af6f,[object Object]
180409,0x526c8a754459d0f21924af26dec71a24a89bd675105b9e8dab6d2338d7d876b0,8,100000000000000000,25600000000000000000,0xc3af456f15cb68b161e6fc1212d757f152c52a162c57a284cba0c2c90163d6e0,62002802196480000,0xb1f510440c988d8ba96b106d3b1b96435d854cc8006ccba10985ac25d367af6f,[object Object]
180410,0x282bf84aa97fcbb9cb6ace9987a8ea8a51dd79cac56d3c3d485cd5ef44cf1fb0,8,100000000000000000,25600000000000000000,0xeb002547f94286fe82899282d3f1842a5b1d19ebdce63c2e25366ba1d5ae4294,62422240985088000,0xb1f510440c988d8ba96b106d3b1b96435d854cc8006ccba10985ac25d367af6f,[object Object]
180411,0x0a986558e01760a8d080106d8e3bf297cbdda8473f0299ea29358c0ce23aad1d,8,100000000000000000,25600000000000000000,0x42e0e7a9453e7950baf0f8f3bdf19bf99642222bc93e3f4a3989498dd63a94e7,63673586417664000,0xb1f510440c988d8ba96b106d3b1b96435d854cc8006ccba10985ac25d367af6f,[object Object]
180413,0xe2e5642a5cc7d15abaa0237948c45a71e2aaf07bf830b290ec5d177de061072b,8,100000000000000000,25600000000000000000,0x29ab350187fba7e721aadb933f7c1f4ac23aadc8b22e9a8d744e3e3e18fb8503,62841251954688000,0xb1f510440c988d8ba96b106d3b1b96435d854cc8006ccba10985ac25d367af6f,[object Object]
180414,0xb81e2db1870708de55d5c3dc0e1fd4aadb052f61db5b1246a386bd11277c1eee,8,100000000000000000,25600000000000000000,0x31883dd75dce55d85ac33baec35b37e3cf98acbef3766f0f3d976bf0e72f57f9,62425084723200000,0xb1f510440c988d8ba96b106d3b1b96435d854cc8006ccba10985ac25d367af6f,[object Object]
180416,0x3255a8d66c4219693e5a8516d6b6ea037615d3366e6bae47f7477a2234b15847,8,200000000000000000,51200000000000000000,0xc35868cc60a33ad2cdf5edcb335d1b83b2ab11e65b764bc91ccb058ba3f651d6,127748190240768000,0xb1f510440c988d8ba96b106d3b1b96435d854cc8006ccba10985ac25d367af6f,[object Object]
180418,0x9a2163b41d24e8fe05ab27fac325a8902928222395431829e67d64f59b775316,8,100000000000000000,25600000000000000000,0x9ef3dc51ea99122a3765619cf71e33a2b1ce12251b5cfa34802f689e8434ee75,63669006237696000,0xb1f510440c988d8ba96b106d3b1b96435d854cc8006ccba10985ac25d367af6f,[object Object]
180419,0xc4029d42f543f558300c278fee34aeff28b39818db04e6ac00d4c4400ba235fb,8,100000000000000000,25600000000000000000,0x635c67da8876946b7cc3f5e4eae34fd17331a58633d929ea9b2acdbe9461e258,63257268191232000,0xb1f510440c988d8ba96b106d3b1b96435d854cc8006ccba10985ac25d367af6f,[object Object]
180422,0x1017f1c5cb6d7a4edd8df99efa3ad041eb1689dd2da4bac763690d230d0db74c,8,100000000000000000,25600000000000000000,0x3c32a3b8c86930f45d91455e538e047de00288757105a4d535455d651431420d,189772559548416000,0xb1f510440c988d8ba96b106d3b1b96435d854cc8006ccba10985ac25d367af6f,[object Object]
180424,0x9eae33c37a13aae558647cac95e02827612837457417f902a5896a1ba9461ef7,8,200000000000000000,51200000000000000000,0xfae2f3dc826340948b20c565ae8dfdc60ff944d6080fba3cc4397f621825e62a,64089753649152000,0xb1f510440c988d8ba96b106d3b1b96435d854cc8006ccba10985ac25d367af6f,[object Object]
180425,0x56a61995090f4e32a87222543f914587c3165f7ea4dcb6338dae6390ea3e7bc3,8,100000000000000000,25600000000000000000,0x032a782e4c501d502517cad28ef1c7997a6715736e224ba9fb8e8813538b4436,61176583028736000,0xb1f510440c988d8ba96b106d3b1b96435d854cc8006ccba10985ac25d367af6f,[object Object]
180427,0x3cf6d71fdda2a5dec239bc5c8ae7a36909ca1020e2b9d1c3c131e2f3f7f88251,8,100000000000000000,25600000000000000000,0xea5a0db5689a6de678b83d7c3e87f8b25a49d7d0d429f031e0ae070305c8224f,63677159964672000,0xb1f510440c988d8ba96b106d3b1b96435d854cc8006ccba10985ac25d367af6f,[object Object]
180433,0xde4092589d964172dbe4c54962d12b9c11230c3c551915446ebb3578f71c851a,8,100000000000000000,25600000000000000000,0xa484cfe2f0a195202876dead240be9540c57543dc32078d8c87df445b3194add,189723813347328000,0xb1f510440c988d8ba96b106d3b1b96435d854cc8006ccba10985ac25d367af6f,[object Object]
180435,0x8e7ece2f1219f983eb90d2378c65e47c29722d53a22e70ea8a65ccb653cbd63f,8,100000000000000000,25600000000000000000,0xbf74b51e9890b89bbac78adb80304de0506bd57b3357bae36fc301bb0a96cfc2,127323240136704000,0xb1f510440c988d8ba96b106d3b1b96435d854cc8006ccba10985ac25d367af6f,[object Object]
180436,0x7969942589b385a4e9a8aef4722c212233a04538ccac2ef459b60fa28ef0690b,0,134400000000000000000,134400000000000000000,0x263ba02bd7d12c24b91ede8abc154e534dfa6fff2b3402e7c60ba0d627247a8e,62413760102400000,0xb1f510440c988d8ba96b106d3b1b96435d854cc8006ccba10985ac25d367af6f,[object Object]
180438,0x11839d7aee572480bc073495c483674bb8e5d6e8b79d35e1901f88cda6105625,8,200000000000000000,51200000000000000000,0xc199b2d3ab7dfe38e6da17986bd57a0164e3c136358a3eb0eed0e38bf5525c94,127318643179520000,0xb1f510440c988d8ba96b106d3b1b96435d854cc8006ccba10985ac25d367af6f,[object Object]
180439,0xc004b76d5ebde6dceaf488c00e092b5ba2ffd53612291f680e6c7fdaf564c8af,8,100000000000000000,25600000000000000000,0x840af36515e50dbcda123c52f8aa7bb1d002ca0f017de88adfed040529e98bed,61984884129792000,0xb1f510440c988d8ba96b106d3b1b96435d854cc8006ccba10985ac25d367af6f,[object Object]
180440,0xfc38658f27cd55a32a5b4797d51ef90bb8610736e5725dfeab078d9072493fde,8,100000000000000000,25600000000000000000,0x7987e40c5ed3f0a51cb03e73a55d9817487a135fdef40c8e5f42d8776a45b129,64482516664320000,0xb1f510440c988d8ba96b106d3b1b96435d854cc8006ccba10985ac25d367af6f,[object Object]
180443,0x7d45826ac7f37b0f7d06187fb82694f101aa70ffb8050cec744ab27430b18758,8,100000000000000000,25600000000000000000,0xcb7c1da28b3eefb98b30620d87f8c8699dccd91a3e1a76a192d83615c89c13cf,125214964842496000,0xb1f510440c988d8ba96b106d3b1b96435d854cc8006ccba10985ac25d367af6f,[object Object]
180444,0x4e1f7d2ea14cf8a0f5e5467dabf9d4a428e57fecf4235553e9be91206de84da9,8,100000000000000000,25600000000000000000,0x351aec1426526bcf0dad82d168a5e8b7d57545fe65991fa1bc61daf30e3f5f7e,64070300467200000,0xb1f510440c988d8ba96b106d3b1b96435d854cc8006ccba10985ac25d367af6f,[object Object]
180445,0x4c64ae4da22d6e1b85f2c17fd667ce430ea58ebeb3ec93dbd1273560eaf85124,8,200000000000000000,51200000000000000000,0x4fb634ff5e99b80933e52d86da8a160165427ca9acde485614e8f7f476619a9d,62826731274240000,0xb1f510440c988d8ba96b106d3b1b96435d854cc8006ccba10985ac25d367af6f,[object Object]
180446,0x7969942589b385a4e9a8aef4722c212233a04538ccac2ef459b60fa28ef0690b,0,12800000000000000000,12800000000000000000,0x263ba02bd7d12c24b91ede8abc154e534dfa6fff2b3402e7c60ba0d627247a8e,62828845203456000,0xb1f510440c988d8ba96b106d3b1b96435d854cc8006ccba10985ac25d367af6f,[object Object]
180447,0x7969942589b385a4e9a8aef4722c212233a04538ccac2ef459b60fa28ef0690b,0,25600000000000000000,25600000000000000000,0x263ba02bd7d12c24b91ede8abc154e534dfa6fff2b3402e7c60ba0d627247a8e,127738232963072000,0xb1f510440c988d8ba96b106d3b1b96435d854cc8006ccba10985ac25d367af6f,[object Object]
180449,0x4480b47360f738dc13d5e7a884fe7ec1adb8f04e157b59b4ad45101c473af0b9,8,200000000000000000,51200000000000000000,0x4f64b54f146d35e96744a9efdb2f5a9463e9ff789f60984204e83b931de31db9,190980351328256000,0xb1f510440c988d8ba96b106d3b1b96435d854cc8006ccba10985ac25d367af6f,[object Object]
180450,0xbce2f8b2b51e53f6fd07fd38e09b2dc3a06e39ed345357e806269ac992f68ef3,8,100000000000000000,25600000000000000000,0xc67418a71941b2309ee8680e1e0bf44d90c7681f1a6770a7d38a2cf8c99e4ca8,63237437521920000,0xb1f510440c988d8ba96b106d3b1b96435d854cc8006ccba10985ac25d367af6f,[object Object]
180453,0xeb476388152eb535230ec4f67ed27a9c8745cd9d32e87a9178581e113755d5c4,8,100000000000000000,25600000000000000000,0xd586b758cf263e7d8f16b31ca6c196330c6f01caa3dc90405195dfe583c294d2,65310598103040000,0xb1f510440c988d8ba96b106d3b1b96435d854cc8006ccba10985ac25d367af6f,[object Object]
180454,0x5fb24853d0f76087b2b5b9ff0612cbce1375861594df492f58d8643efb69050b,8,100000000000000000,25600000000000000000,0xdbf32423ab2fe01a477ba132580e95a3119588e713807f5d6ef4d416715d84f0,62398660608000000,0xb1f510440c988d8ba96b106d3b1b96435d854cc8006ccba10985ac25d367af6f,[object Object]
180455,0xaba666622365ca0d73a50240473ad8334e07ad42468dd81d06ad4fef4cf72e10,8,100000000000000000,25600000000000000000,0xa8c17b1b8f47999f9206eb205ae5c62d9c873c168ce4f2706eaa6066b0d734c1,63228704980992000,0xa8c17b1b8f47999f9206eb205ae5c62d9c873c168ce4f2706eaa6066b0d734c1,[object Object]
180456,0xbde25cd12542c4b28283660210e3a9ab32c74d01ad3b6e2bed3bc45b35fb98c3,8,100000000000000000,25600000000000000000,0x458c9c9704fb61536d9bd7763143efab1ee1e7213fccddcd6cb1eb3720a26221,62394885734400000,0xa8c17b1b8f47999f9206eb205ae5c62d9c873c168ce4f2706eaa6066b0d734c1,[object Object]
180457,0xc44b5cae9afa15c83c225d1232e625cf4b2390f955d9f6fd842ff9a2e6c2b0b0,8,200000000000000000,51200000000000000000,0x5027159c2a30eed91a83395556af8ef0a70c581ad313df38e61028f6c0f7a783,64474715258880000,0xa8c17b1b8f47999f9206eb205ae5c62d9c873c168ce4f2706eaa6066b0d734c1,[object Object]
180460,0x37376de23b5f9ee004dde79004850774ac5a658c27fd475220b62adf4e7ec6c6,8,100000000000000000,25600000000000000000,0x689b5bdf17d1d2acf24e349619d20ae1668f3bfb87860e062447ba0acded6eac,61984531808256000,0xa8c17b1b8f47999f9206eb205ae5c62d9c873c168ce4f2706eaa6066b0d734c1,[object Object]
180461,0x4b46697ce1e576baf089c8fba0afc6cb9acb1ba27636aee24025e4e79d25c9ff,8,100000000000000000,25600000000000000000,0xb3d35c58ac028fd11056c5f5fc0ca5a2eb7f143735beeebaff348472e4246430,63229132800000000,0xa8c17b1b8f47999f9206eb205ae5c62d9c873c168ce4f2706eaa6066b0d734c1,[object Object]
180463,0x059a05b85a5ba54435607b6b246e4a30fa1b8e59721aa26f0faa5f7617775c39,8,100000000000000000,25600000000000000000,0xb103f6bde7a702e91203ecd4aa7c19a00f9abe1111ee8846df2e292fd1931040,64488883617792000,0xa8c17b1b8f47999f9206eb205ae5c62d9c873c168ce4f2706eaa6066b0d734c1,[object Object]
180465,0x285acae20f3118971467778fb16da18fb8180eb73735465ea636332a656720e7,8,200000000000000000,51200000000000000000,0x8a420c6f24cff0f40d1383192d9d9db6cfa332efe6c55736b1ffbfe8f65cf956,126061853540352000,0xa8c17b1b8f47999f9206eb205ae5c62d9c873c168ce4f2706eaa6066b0d734c1,[object Object]
180467,0xbf6c2a0aee0c366fcfe0df5653d9c9e4dd5175010d0c96443c7536aa789239f7,8,100000000000000000,25600000000000000000,0xa2e1b1ab5ad7678d6498a08487c79a0fc646736694fddc433a71983632c8e8b6,126473641918464000,0xa8c17b1b8f47999f9206eb205ae5c62d9c873c168ce4f2706eaa6066b0d734c1,[object Object]
180470,0x7969942589b385a4e9a8aef4722c212233a04538ccac2ef459b60fa28ef0690b,0,25600000000000000000,25600000000000000000,0x263ba02bd7d12c24b91ede8abc154e534dfa6fff2b3402e7c60ba0d627247a8e,64076264767488000,0xa8c17b1b8f47999f9206eb205ae5c62d9c873c168ce4f2706eaa6066b0d734c1,[object Object]
180476,0x19a5a86f2ea9c214d9dfaf8751c26145586f5f09ff47799cfe7d5d937de20ca7,8,100000000000000000,25600000000000000000,0x62077cf46a60744ddac49f71a3d2af5c699fa260efd5ef118cdf7482a1e61819,380640251871232000,0xa8c17b1b8f47999f9206eb205ae5c62d9c873c168ce4f2706eaa6066b0d734c1,[object Object]
180478,0xa6a3bfc19817424f4ecbea68541a803882228df024f3407e0982feea83ab5c7c,8,100000000000000000,25600000000000000000,0xa55610f618afb9289cec24075efd8875884f878966ac07875c92f53f34d03b65,64470638395392000,0xa8c17b1b8f47999f9206eb205ae5c62d9c873c168ce4f2706eaa6066b0d734c1,[object Object]
180480,0x7969942589b385a4e9a8aef4722c212233a04538ccac2ef459b60fa28ef0690b,0,51200000000000000000,51200000000000000000,0x263ba02bd7d12c24b91ede8abc154e534dfa6fff2b3402e7c60ba0d627247a8e,63230894407680000,0xa8c17b1b8f47999f9206eb205ae5c62d9c873c168ce4f2706eaa6066b0d734c1,[object Object]
180483,0xcbea65887714873dd80c8e7e148e6f0f40bf3fd0d6414541e9324ffa3d76c87e,8,100000000000000000,25600000000000000000,0xce8c0b38aad025261313eef988181fad48491fa1d669c80ba1aa453c46496ae6,126468432592896000,0xa8c17b1b8f47999f9206eb205ae5c62d9c873c168ce4f2706eaa6066b0d734c1,[object Object]
180484,0x7969942589b385a4e9a8aef4722c212233a04538ccac2ef459b60fa28ef0690b,0,12800000000000000000,12800000000000000000,0x263ba02bd7d12c24b91ede8abc154e534dfa6fff2b3402e7c60ba0d627247a8e,64904371372032000,0xa8c17b1b8f47999f9206eb205ae5c62d9c873c168ce4f2706eaa6066b0d734c1,[object Object]
180485,0x0a1b33930f0209ff92620629565367986fb5d4f6d67d92b7dcda88b84e94e535,8,100000000000000000,25600000000000000000,0x3a60e59ba1129ae39be25493d32561637f76ac5d751bf5571f4f30aa38c4d3b8,126898290032640000,0xa8c17b1b8f47999f9206eb205ae5c62d9c873c168ce4f2706eaa6066b0d734c1,[object Object]
180486,0x05ead71b6a38ebeab82d11084bfa9fdbd6cc3af9f3282c9dc1611514bb00175e,8,200000000000000000,51200000000000000000,0x35c2463c9652321802ebad4f83624b9c171202566381da2adca430950cc35b48,63657857777664000,0xa8c17b1b8f47999f9206eb205ae5c62d9c873c168ce4f2706eaa6066b0d734c1,[object Object]
180488,0x7969942589b385a4e9a8aef4722c212233a04538ccac2ef459b60fa28ef0690b,0,51200000000000000000,51200000000000000000,0x263ba02bd7d12c24b91ede8abc154e534dfa6fff2b3402e7c60ba0d627247a8e,126059664113664000,0xa8c17b1b8f47999f9206eb205ae5c62d9c873c168ce4f2706eaa6066b0d734c1,[object Object]
180490,0x94abd3515ce417550687692429f04424bc6f16261a92402d9181c828702d52e8,8,100000000000000000,25600000000000000000,0x1a909a38b0baaf3b07001a8fb633328afb797d3fef24527f367adfde388a61b5,252516646256640000,0xa8c17b1b8f47999f9206eb205ae5c62d9c873c168ce4f2706eaa6066b0d734c1,[object Object]
180492,0x7969942589b385a4e9a8aef4722c212233a04538ccac2ef459b60fa28ef0690b,0,25600000000000000000,25600000000000000000,0x263ba02bd7d12c24b91ede8abc154e534dfa6fff2b3402e7c60ba0d627247a8e,126851909419008000,0xa8c17b1b8f47999f9206eb205ae5c62d9c873c168ce4f2706eaa6066b0d734c1,[object Object]
180493,0x526c8a754459d0f21924af26dec71a24a89bd675105b9e8dab6d2338d7d876b0,8,200000000000000000,51200000000000000000,0x0f1b64c2f668930ffa83b63080fb56a508a2003c24901c80ed79dc9a9e048981,190488502075392000,0xa8c17b1b8f47999f9206eb205ae5c62d9c873c168ce4f2706eaa6066b0d734c1,[object Object]
180494,0x6f9c6eead055f7db928fac37c42d825061b9a52fe586059f6ef6f9e384815491,8,100000000000000000,25600000000000000000,0x10a207cfbce567f0ae5877d0db6c68456807a271844c2c8cb4f882d8d1fa4189,63638933078016000,0xa8c17b1b8f47999f9206eb205ae5c62d9c873c168ce4f2706eaa6066b0d734c1,[object Object]
180498,0xce62a57b872826664ca005cdfdcdb382f57d170107c65e81fffc4a1ddc71d7b7,8,100000000000000000,25600000000000000000,0x85ed03505c0105ad6cf098df168673eebc9cf2e5936b33ef4eb81b43f3b9d3e9,64060485795840000,0xa8c17b1b8f47999f9206eb205ae5c62d9c873c168ce4f2706eaa6066b0d734c1,[object Object]
180500,0xed2224bee2c189b79e1c94c08d49e99fa6728ec5fb7280b896fd0a186aa1185c,8,100000000000000000,25600000000000000000,0x44bb941570a86337a7cf81e91c8232be6eb5d348ab8a6884a14348ba8d7a0b27,66554544783360000,0xa8c17b1b8f47999f9206eb205ae5c62d9c873c168ce4f2706eaa6066b0d734c1,[object Object]
180501,0xec557333208ddd11a6ab0f41cbe4538112517bb2aefec72d663239f7401ffac7,8,100000000000000000,25600000000000000000,0x6d6b762578a79355207cbd40bb7da12e3ff5ce83fb421f0d31f3816bc6a68775,60731022114816000,0xa8c17b1b8f47999f9206eb205ae5c62d9c873c168ce4f2706eaa6066b0d734c1,[object Object]
180502,0x91c8f6dee5d452904e40b913530ab2eeed84857380ffd636c2110228eff35a41,8,100000000000000000,25600000000000000000,0x699884ad517bbf384eb33d050aba0c8ed27c057971a9c137620ff330c79b762f,61978919829504000,0xa8c17b1b8f47999f9206eb205ae5c62d9c873c168ce4f2706eaa6066b0d734c1,[object Object]
180503,0x7969942589b385a4e9a8aef4722c212233a04538ccac2ef459b60fa28ef0690b,0,102400000000000000000,102400000000000000000,0x263ba02bd7d12c24b91ede8abc154e534dfa6fff2b3402e7c60ba0d627247a8e,63226817544192000,0xa8c17b1b8f47999f9206eb205ae5c62d9c873c168ce4f2706eaa6066b0d734c1,[object Object]
180504,0x7969942589b385a4e9a8aef4722c212233a04538ccac2ef459b60fa28ef0690b,0,25600000000000000000,25600000000000000000,0x263ba02bd7d12c24b91ede8abc154e534dfa6fff2b3402e7c60ba0d627247a8e,127701155315712000,0xa8c17b1b8f47999f9206eb205ae5c62d9c873c168ce4f2706eaa6066b0d734c1,[object Object]
180511,0xf796819694ac149e89ef6e2f7c47c735778af332d50f60872a2c0479bf7c5f40,8,100000000000000000,25600000000000000000,0x878fa4b92376abe0246b8dda5dbe2879d19214fc73171fba16243a810d86e6af,191759124529152000,0xa8c17b1b8f47999f9206eb205ae5c62d9c873c168ce4f2706eaa6066b0d734c1,[object Object]
180514,0x73710bbeaf1f9ee2b8ba8f94db1814891f7d1fc3ed8ea9466bc438628ee1a1f7,8,100000000000000000,25600000000000000000,0x89a2058a9291e7644b7954fd811cc84c58385d8094d38e2349ad46f04b21ed50,63642783449088000,0xa8c17b1b8f47999f9206eb205ae5c62d9c873c168ce4f2706eaa6066b0d734c1,[object Object]
180518,0x99cf3c80fa82815a593af12738fb2a1d8847bdf986219eed7f46c3941cb3ac69,8,100000000000000000,25600000000000000000,0xa5e3259c052487ab0790ec129a0bd87fd620da161556b90d45460e71ab51b224,63638052274176000,0xa8c17b1b8f47999f9206eb205ae5c62d9c873c168ce4f2706eaa6066b0d734c1,[object Object]
180519,0x8f4a900b2677d1741c2b7c5aef54bbf5e77c1f698f33e85820b0be4943a1ce07,8,100000000000000000,25600000000000000000,0x8f90fc8d2467703306ceb86447f2782562293dd229fe002317792f53b4933065,63222346416128000,0xa8c17b1b8f47999f9206eb205ae5c62d9c873c168ce4f2706eaa6066b0d734c1,[object Object]
180520,0x69d9f05e1c5b9524cf6ecda15d5a2165b01a9f5b1c3c6ece549f1fe072240e15,8,100000000000000000,25600000000000000000,0x9b491e50dd0eca532539292e4e3e602303f7de006f6144913aa8c92d7703d88c,62804837007360000,0xa8c17b1b8f47999f9206eb205ae5c62d9c873c168ce4f2706eaa6066b0d734c1,[object Object]
180521,0x7969942589b385a4e9a8aef4722c212233a04538ccac2ef459b60fa28ef0690b,0,51200000000000000000,51200000000000000000,0x263ba02bd7d12c24b91ede8abc154e534dfa6fff2b3402e7c60ba0d627247a8e,63640845680640000,0xa8c17b1b8f47999f9206eb205ae5c62d9c873c168ce4f2706eaa6066b0d734c1,[object Object]
180522,0x7405c9b3cbbac871c2f3710514055a90de388781a7a5f8a454ce00ea859d8cc0,8,100000000000000000,25600000000000000000,0x3b603fd5aec62be057daccc338429859d7452be78f71da7f38157a345f1ab49a,126872545394688000,0xa8c17b1b8f47999f9206eb205ae5c62d9c873c168ce4f2706eaa6066b0d734c1,[object Object]
180523,0x2c2ee37595bacb7f29969e700172b7f109085fa67d7a5d255c22a1aa8e4ceabc,8,100000000000000000,25600000000000000000,0xa734687d9a411a1182fe1fd1994841e4d0e56200a8a5a46bda81eb4a93c1a6d5,62402762637312000,0xa8c17b1b8f47999f9206eb205ae5c62d9c873c168ce4f2706eaa6066b0d734c1,[object Object]
180526,0x6437b68ae54846429ba9e512e68674b29650a2dd6289c29c57b37e54e05178ea,8,100000000000000000,25600000000000000000,0x229db56b8264f1a1c8bd9353504ee7c978a679b03c488aa4162e562368e8c5d8,61568087752704000,0xa8c17b1b8f47999f9206eb205ae5c62d9c873c168ce4f2706eaa6066b0d734c1,[object Object]
180527,0x5df0162f873e460c353211576d2c8cf3fde4f15aebb4d2a2b536664e1b598150,7,200000000000000000,25600000000000000000,0xf939e63d2b1aec057863544d1923773df188c4f1117c2d3c236fa31e22eda0d5,64482516664320000,0xa8c17b1b8f47999f9206eb205ae5c62d9c873c168ce4f2706eaa6066b0d734c1,[object Object]
